,node,times
timneutkens,{},68
arunoda,{},45
rauchg,{},28
sedubois,{},23
nkzawa,{},21
impronunciable,{},21
kachkaev,{},17
ijjk,{},17
sergiodxa,{},16
jaydenseric,{},14
iaincollins,{},14
HaNdTriX,{},14
khrome83,{},14
lfades,{},14
Timer,{},13
developit,{},13
vjpr,{},12
giuseppeg,{},12
frol,{},12
sheerun,{},11
zeit,{},11
steida,{},11
ghost,{},10
2,{},10
adamsoffer,{},10
babel,{},10
Enalmada,{},10
oliviertassinari,{},10
jesstelford,{},9
pruhstal,{},9
huv1k,{},9
nodegin,{},9
4,{},8
eezing,{},8
canary,{},7
7,{},7
jthegedus,{},7
3,{},6
github,{},5
6,{},5
revskill10,{},4
1,{},4
